{"input_shapes": [[4]], "input_data": [[0.6776514649391174, 0.4273584485054016, 0.897459864616394, 0.06418287754058838]], "output_data": [[0.2560420334339142]]}